{"commands":[{"name":"7z","platform":["common"]},{"name":"7za","platform":["common"]},{"name":"7zr","platform":["common"]},{"name":"ab","platform":["common"]},{"name":"ack","platform":["common"]},{"name":"adb","platform":["common"]},{"name":"ag","platform":["common"]},{"name":"airport","platform":["osx"]},{"name":"alias","platform":["common"]},{"name":"apg","platform":["common"]},{"name":"apm","platform":["common"]},{"name":"apropos","platform":["common"]},{"name":"apt-cache","platform":["linux"]},{"name":"apt-get","platform":["linux"]},{"name":"apt-key","platform":["linux"]},{"name":"aptitude","platform":["linux"]},{"name":"ar","platform":["common"]},{"name":"archey","platform":["linux","osx"]},{"name":"aria2c","platform":["common"]},{"name":"arp","platform":["common"]},{"name":"at","platform":["linux"]},{"name":"atom","platform":["common"]},{"name":"autojump","platform":["common"]},{"name":"autossh","platform":["common"]},{"name":"avrdude","platform":["common"]},{"name":"awk","platform":["common"]},{"name":"axel","platform":["common"]},{"name":"base32","platform":["common"]},{"name":"base64","platform":["common","osx"]},{"name":"basename","platform":["common"]},{"name":"bash","platform":["common"]},{"name":"bashmarks","platform":["common"]},{"name":"bc","platform":["common"]},{"name":"bg","platform":["common"]},{"name":"bmaptool","platform":["common"]},{"name":"bower","platform":["common"]},{"name":"brew","platform":["osx"]},{"name":"bundle","platform":["common"]},{"name":"bzip2","platform":["linux"]},{"name":"c99","platform":["common"]},{"name":"cabal","platform":["common"]},{"name":"caffeinate","platform":["osx"]},{"name":"cal","platform":["common"]},{"name":"calibre-server","platform":["common"]},{"name":"calibredb","platform":["common"]},{"name":"cargo","platform":["common"]},{"name":"cat","platform":["common"]},{"name":"cd","platform":["common"]},{"name":"chattr","platform":["linux"]},{"name":"chgrp","platform":["common"]},{"name":"chmod","platform":["common"]},{"name":"chown","platform":["common"]},{"name":"chroot","platform":["linux"]},{"name":"chsh","platform":["common"]},{"name":"cksum","platform":["common"]},{"name":"clang","platform":["common"]},{"name":"cloc","platform":["common"]},{"name":"cmp","platform":["common"]},{"name":"comm","platform":["common"]},{"name":"compose","platform":["linux"]},{"name":"convert","platform":["common"]},{"name":"convmv","platform":["common"]},{"name":"cordova","platform":["common"]},{"name":"cowsay","platform":["common"]},{"name":"cp","platform":["common"]},{"name":"crontab","platform":["common"]},{"name":"cryptsetup","platform":["linux"]},{"name":"csvclean","platform":["common"]},{"name":"csvcut","platform":["common"]},{"name":"csvformat","platform":["common"]},{"name":"csvgrep","platform":["common"]},{"name":"csvlook","platform":["common"]},{"name":"csvpy","platform":["common"]},{"name":"csvsort","platform":["common"]},{"name":"csvstat","platform":["common"]},{"name":"curl","platform":["common"]},{"name":"cut","platform":["common"]},{"name":"date","platform":["common"]},{"name":"dd","platform":["linux","osx"]},{"name":"defaults","platform":["osx"]},{"name":"deluser","platform":["common"]},{"name":"devfsadm","platform":["sunos"]},{"name":"df","platform":["common"]},{"name":"dhcpwn","platform":["common"]},{"name":"diff","platform":["common"]},{"name":"dig","platform":["common"]},{"name":"dirs","platform":["common"]},{"name":"diskutil","platform":["osx"]},{"name":"ditto","platform":["osx"]},{"name":"dnf","platform":["linux"]},{"name":"docker","platform":["common"]},{"name":"dokku","platform":["common"]},{"name":"dpkg","platform":["linux"]},{"name":"dpkg-query","platform":["linux"]},{"name":"drush","platform":["common"]},{"name":"drutil","platform":["osx"]},{"name":"du","platform":["linux","osx"]},{"name":"ebook-convert","platform":["common"]},{"name":"echo","platform":["common"]},{"name":"ed","platform":["common"]},{"name":"edit","platform":["linux"]},{"name":"electrum","platform":["common"]},{"name":"emacs","platform":["common"]},{"name":"emerge","platform":["linux"]},{"name":"enca","platform":["common"]},{"name":"env","platform":["common"]},{"name":"equery","platform":["linux"]},{"name":"espeak","platform":["common"]},{"name":"exiftool","platform":["common"]},{"name":"expand","platform":["linux"]},{"name":"expr","platform":["linux"]},{"name":"fc-match","platform":["linux"]},{"name":"fc-pattern","platform":["linux"]},{"name":"fdupes","platform":["common"]},{"name":"ffmpeg","platform":["common"]},{"name":"fg","platform":["common"]},{"name":"file","platform":["common"]},{"name":"find","platform":["common"]},{"name":"findmnt","platform":["linux"]},{"name":"firewall-cmd","platform":["linux"]},{"name":"for","platform":["common"]},{"name":"fortune","platform":["common"]},{"name":"free","platform":["linux"]},{"name":"fsck","platform":["common"]},{"name":"fswatch","platform":["common"]},{"name":"fswebcam","platform":["common"]},{"name":"fuser","platform":["linux"]},{"name":"fzf","platform":["common"]},{"name":"gcc","platform":["common"]},{"name":"gdb","platform":["common"]},{"name":"gem","platform":["common"]},{"name":"getent","platform":["linux"]},{"name":"ghc","platform":["common"]},{"name":"gifsicle","platform":["common"]},{"name":"git","platform":["common"]},{"name":"git-add","platform":["common"]},{"name":"git-blame","platform":["common"]},{"name":"git-branch","platform":["common"]},{"name":"git-checkout","platform":["common"]},{"name":"git-clone","platform":["common"]},{"name":"git-commit","platform":["common"]},{"name":"git-config","platform":["common"]},{"name":"git-diff","platform":["common"]},{"name":"git-fetch","platform":["common"]},{"name":"git-imerge","platform":["common"]},{"name":"git-init","platform":["common"]},{"name":"git-log","platform":["common"]},{"name":"git-merge","platform":["common"]},{"name":"git-mv","platform":["common"]},{"name":"git-pull","platform":["common"]},{"name":"git-push","platform":["common"]},{"name":"git-rebase","platform":["common"]},{"name":"git-remote","platform":["common"]},{"name":"git-rm","platform":["common"]},{"name":"git-stash","platform":["common"]},{"name":"git-status","platform":["common"]},{"name":"git-submodule","platform":["common"]},{"name":"git-svn","platform":["common"]},{"name":"git-tag","platform":["common"]},{"name":"glances","platform":["common"]},{"name":"gpg","platform":["common"]},{"name":"gradle","platform":["common"]},{"name":"grep","platform":["common"]},{"name":"gulp","platform":["common"]},{"name":"gunzip","platform":["common"]},{"name":"gzip","platform":["common"]},{"name":"halt","platform":["linux"]},{"name":"handbrakecli","platform":["common"]},{"name":"haxelib","platform":["common"]},{"name":"head","platform":["linux","osx"]},{"name":"history","platform":["common"]},{"name":"hn","platform":["common"]},{"name":"host","platform":["common"]},{"name":"hostname","platform":["linux","osx"]},{"name":"htop","platform":["linux"]},{"name":"http","platform":["common"]},{"name":"hub","platform":["common"]},{"name":"hwclock","platform":["linux"]},{"name":"iconv","platform":["common"]},{"name":"id","platform":["common"]},{"name":"if","platform":["common"]},{"name":"ifconfig","platform":["common"]},{"name":"ifdown","platform":["linux"]},{"name":"ifup","platform":["linux"]},{"name":"in2csv","platform":["common"]},{"name":"inkscape","platform":["common"]},{"name":"ionice","platform":["common"]},{"name":"ioping","platform":["common"]},{"name":"iostat","platform":["linux"]},{"name":"ip","platform":["linux"]},{"name":"ipcs","platform":["common"]},{"name":"iptables","platform":["linux"]},{"name":"jar","platform":["common"]},{"name":"java","platform":["common"]},{"name":"javac","platform":["common"]},{"name":"jhat","platform":["common"]},{"name":"jmap","platform":["common"]},{"name":"jobs","platform":["common","linux"]},{"name":"journalctl","platform":["linux"]},{"name":"jstack","platform":["common"]},{"name":"kill","platform":["common"]},{"name":"last","platform":["common"]},{"name":"latexmk","platform":["common"]},{"name":"less","platform":["common"]},{"name":"license","platform":["common"]},{"name":"ln","platform":["common"]},{"name":"locate","platform":["linux","osx"]},{"name":"look","platform":["osx"]},{"name":"lp","platform":["common"]},{"name":"lpstat","platform":["common"]},{"name":"ls","platform":["common"]},{"name":"lsattr","platform":["linux"]},{"name":"lsb_release","platform":["linux"]},{"name":"lsblk","platform":["linux"]},{"name":"lsof","platform":["common"]},{"name":"ltrace","platform":["linux"]},{"name":"lwp-request","platform":["common"]},{"name":"mailx","platform":["common"]},{"name":"make","platform":["common"]},{"name":"man","platform":["common"]},{"name":"md5","platform":["osx"]},{"name":"md5sum","platform":["linux"]},{"name":"mdadm","platform":["linux"]},{"name":"mdfind","platform":["osx"]},{"name":"mdp","platform":["common"]},{"name":"meteor","platform":["common"]},{"name":"mitmdump","platform":["common"]},{"name":"mitmproxy","platform":["common"]},{"name":"mkdir","platform":["common"]},{"name":"mke2fs","platform":["linux"]},{"name":"mkfifo","platform":["common"]},{"name":"mkfs.cramfs","platform":["linux"]},{"name":"mkfs.exfat","platform":["linux"]},{"name":"mkfs.fat","platform":["linux"]},{"name":"mkfs.minix","platform":["linux"]},{"name":"mkfs.ntfs","platform":["linux"]},{"name":"mkfs.vfat","platform":["linux"]},{"name":"mmv","platform":["common"]},{"name":"mocha","platform":["common"]},{"name":"mongo","platform":["common"]},{"name":"mongodump","platform":["common"]},{"name":"montage","platform":["common"]},{"name":"more","platform":["common"]},{"name":"mount","platform":["common"]},{"name":"mp4box","platform":["common"]},{"name":"mpc","platform":["common"]},{"name":"mtr","platform":["common"]},{"name":"mv","platform":["common"]},{"name":"mysql","platform":["common"]},{"name":"mysqldump","platform":["common"]},{"name":"nano","platform":["common"]},{"name":"nc","platform":["common"]},{"name":"nethogs","platform":["linux"]},{"name":"netstat","platform":["linux","osx"]},{"name":"networksetup","platform":["osx"]},{"name":"nginx","platform":["common"]},{"name":"nice","platform":["common"]},{"name":"nix-env","platform":["common"]},{"name":"nm","platform":["linux","osx"]},{"name":"nmap","platform":["common"]},{"name":"node","platform":["common"]},{"name":"nohup","platform":["common"]},{"name":"notify-send","platform":["linux"]},{"name":"npm","platform":["common"]},{"name":"nvm","platform":["common"]},{"name":"odps","platform":["common"]},{"name":"odps-auth","platform":["common"]},{"name":"odps-func","platform":["common"]},{"name":"odps-inst","platform":["common"]},{"name":"odps-resource","platform":["common"]},{"name":"odps-table","platform":["common"]},{"name":"odps-tunnel","platform":["common"]},{"name":"open","platform":["osx"]},{"name":"openssl","platform":["common"]},{"name":"optipng","platform":["common"]},{"name":"pacman","platform":["linux"]},{"name":"pandoc","platform":["common"]},{"name":"parallel","platform":["common"]},{"name":"pass","platform":["common"]},{"name":"passwd","platform":["common"]},{"name":"paste","platform":["common"]},{"name":"patch","platform":["common"]},{"name":"pbcopy","platform":["osx"]},{"name":"pbpaste","platform":["osx"]},{"name":"pdflatex","platform":["common"]},{"name":"pg_dump","platform":["common"]},{"name":"pg_restore","platform":["common"]},{"name":"pgrep","platform":["common"]},{"name":"php","platform":["common"]},{"name":"phpize","platform":["common"]},{"name":"phpunit","platform":["common"]},{"name":"pigz","platform":["common"]},{"name":"ping","platform":["common"]},{"name":"pip","platform":["common"]},{"name":"pkgadd","platform":["linux"]},{"name":"pkginfo","platform":["linux"]},{"name":"pkgmk","platform":["linux"]},{"name":"pkgrm","platform":["linux"]},{"name":"pkill","platform":["common"]},{"name":"play","platform":["common"]},{"name":"pngcrush","platform":["common"]},{"name":"pod","platform":["osx"]},{"name":"ports","platform":["linux"]},{"name":"prctl","platform":["sunos"]},{"name":"print","platform":["linux"]},{"name":"printf","platform":["common"]},{"name":"prstat","platform":["sunos"]},{"name":"prt-get","platform":["linux"]},{"name":"ps","platform":["common"]},{"name":"psql","platform":["common"]},{"name":"pushd","platform":["common"]},{"name":"pv","platform":["common"]},{"name":"pwd","platform":["common"]},{"name":"pwgen","platform":["linux"]},{"name":"pyenv","platform":["common"]},{"name":"python","platform":["common"]},{"name":"qemu","platform":["common"]},{"name":"qlmanage","platform":["osx"]},{"name":"quota","platform":["common"]},{"name":"read","platform":["common"]},{"name":"readlink","platform":["common"]},{"name":"reboot","platform":["linux"]},{"name":"redis-cli","platform":["common"]},{"name":"redshift","platform":["common"]},{"name":"rename","platform":["common"]},{"name":"renice","platform":["common"]},{"name":"rm","platform":["common"]},{"name":"rmdir","platform":["common"]},{"name":"route","platform":["common","osx"]},{"name":"rpm","platform":["linux"]},{"name":"rsync","platform":["common"]},{"name":"run-mailcap","platform":["linux"]},{"name":"rustc","platform":["common"]},{"name":"sails","platform":["common"]},{"name":"salt","platform":["common"]},{"name":"salt-call","platform":["common"]},{"name":"salt-key","platform":["common"]},{"name":"salt-run","platform":["common"]},{"name":"sass","platform":["common"]},{"name":"say","platform":["osx"]},{"name":"scp","platform":["common"]},{"name":"scrapy","platform":["common"]},{"name":"screen","platform":["common"]},{"name":"screenfetch","platform":["linux"]},{"name":"sed","platform":["common","osx"]},{"name":"see","platform":["linux"]},{"name":"sendmail","platform":["common"]},{"name":"seq","platform":["common"]},{"name":"sftp","platform":["common"]},{"name":"sh","platform":["common"]},{"name":"sha1sum","platform":["linux"]},{"name":"sha224sum","platform":["linux"]},{"name":"sha256sum","platform":["linux"]},{"name":"sha384sum","platform":["linux"]},{"name":"sha512sum","platform":["linux"]},{"name":"shred","platform":["common"]},{"name":"shuf","platform":["linux"]},{"name":"shutdown","platform":["linux","osx"]},{"name":"skicka","platform":["common"]},{"name":"sl","platform":["common"]},{"name":"slackcat","platform":["common"]},{"name":"sleep","platform":["common"]},{"name":"socat","platform":["common"]},{"name":"sort","platform":["common","linux"]},{"name":"sox","platform":["common"]},{"name":"split","platform":["common"]},{"name":"srm","platform":["common"]},{"name":"ss","platform":["linux"]},{"name":"ssh","platform":["common"]},{"name":"ssh-copy-id","platform":["linux"]},{"name":"ssh-keygen","platform":["common"]},{"name":"sshfs","platform":["common"]},{"name":"strace","platform":["linux"]},{"name":"strings","platform":["common"]},{"name":"su","platform":["common"]},{"name":"subliminal","platform":["common"]},{"name":"sudo","platform":["common"]},{"name":"sum","platform":["common"]},{"name":"svcadm","platform":["sunos"]},{"name":"svccfg","platform":["sunos"]},{"name":"svcs","platform":["sunos"]},{"name":"svn","platform":["common"]},{"name":"sw_vers","platform":["osx"]},{"name":"sysctl","platform":["linux","osx"]},{"name":"system_profiler","platform":["osx"]},{"name":"systemctl","platform":["linux"]},{"name":"systemd-analyze","platform":["linux"]},{"name":"systemsetup","platform":["osx"]},{"name":"tabula","platform":["common"]},{"name":"tac","platform":["common"]},{"name":"tail","platform":["common"]},{"name":"tar","platform":["common"]},{"name":"tcpdump","platform":["common"]},{"name":"tcpflow","platform":["linux"]},{"name":"tee","platform":["common"]},{"name":"telnet","platform":["common"]},{"name":"test","platform":["common"]},{"name":"time","platform":["common"]},{"name":"timedatectl","platform":["linux"]},{"name":"tldr","platform":["common"]},{"name":"tldrl","platform":["common"]},{"name":"tmux","platform":["common"]},{"name":"top","platform":["linux","osx"]},{"name":"touch","platform":["common"]},{"name":"tput","platform":["common"]},{"name":"tr","platform":["common"]},{"name":"traceroute","platform":["common"]},{"name":"transcode","platform":["common"]},{"name":"tree","platform":["common"]},{"name":"tty","platform":["common"]},{"name":"ufraw-batch","platform":["common"]},{"name":"ufw","platform":["linux"]},{"name":"ulimit","platform":["linux"]},{"name":"umask","platform":["linux"]},{"name":"umount","platform":["common"]},{"name":"uname","platform":["common"]},{"name":"unexpand","platform":["linux"]},{"name":"uniq","platform":["common"]},{"name":"unrar","platform":["common"]},{"name":"unzip","platform":["common"]},{"name":"uptime","platform":["common"]},{"name":"useradd","platform":["linux"]},{"name":"userdel","platform":["linux"]},{"name":"usermod","platform":["linux"]},{"name":"vagrant","platform":["common"]},{"name":"vim","platform":["common"]},{"name":"vimtutor","platform":["common"]},{"name":"virtualenv","platform":["common"]},{"name":"visudo","platform":["common"]},{"name":"w","platform":["common","osx"]},{"name":"w3m","platform":["common"]},{"name":"wacaw","platform":["osx"]},{"name":"wait","platform":["common"]},{"name":"wall","platform":["linux"]},{"name":"watch","platform":["common","linux"]},{"name":"wc","platform":["common"]},{"name":"webpack","platform":["common"]},{"name":"wget","platform":["common"]},{"name":"which","platform":["common"]},{"name":"while","platform":["common"]},{"name":"who","platform":["common"]},{"name":"whoami","platform":["common"]},{"name":"wpa_cli","platform":["linux"]},{"name":"x_x","platform":["common"]},{"name":"xargs","platform":["common"]},{"name":"xattr","platform":["osx"]},{"name":"xclip","platform":["linux"]},{"name":"xcodebuild","platform":["osx"]},{"name":"xctool","platform":["osx"]},{"name":"xcv","platform":["common"]},{"name":"xed","platform":["osx"]},{"name":"xinput","platform":["linux"]},{"name":"xrandr","platform":["linux"]},{"name":"xsel","platform":["linux"]},{"name":"xsetwacom","platform":["linux"]},{"name":"xsltproc","platform":["osx"]},{"name":"xz","platform":["common"]},{"name":"yaourt","platform":["linux"]},{"name":"yes","platform":["common"]},{"name":"youtube-dl","platform":["common"]},{"name":"yum","platform":["linux"]},{"name":"zbarimg","platform":["common"]},{"name":"zcat","platform":["common"]},{"name":"zdb","platform":["common"]},{"name":"zfs","platform":["common"]},{"name":"zip","platform":["common"]},{"name":"zless","platform":["common"]},{"name":"zpool","platform":["common"]},{"name":"zsh","platform":["common"]},{"name":"zypper","platform":["linux"]}]}
